,cumulative_tests,new_tests,cumulative_cases,cumulative_deaths,new_cases,new_deaths,hospitalized_covid_confirmed_patients,hospitalized_suspected_covid_patients,icu_covid_confirmed_patients,icu_suspected_covid_patients,icu_available_beds,nh_total_resident_cases,nh_new_resident_cases,nh_total_resident_deaths,nh_total_health_care_worker_cases,nh_new_health_care_worker_cases,nh_new_resident_deaths,beds_ready_to_accept_patients,patients_in_beds,elderly_cumulative_cases,elderly_new_cases,minority_cumulative_cases,minority_new_positives
2020-03-18,6291.0,6291.0,675.0,15.0,675.0,15.0,450.25323859440556,124.53937178577485,131.41440450517703,19.70668354363435,291.13098913453115,1958.2628649288224,5.640790195195907,204.40406332998282,1326.4723724909084,0.9215296082037595,1.4544590265797848,57.98257904070539,4.26099475110635,6341.424789237588,72.36549145818839,33980.593398578225,424.99432744697094
2020-03-19,11487.0,5196.0,1006.0,18.0,331.0,3.0,220.7908473699974,61.07041786828366,64.44173020920533,9.663573708063659,142.76201096819233,960.2740863576892,2.766076377199771,100.23369624033232,650.4627485844306,0.4518908152821398,0.7132236115524574,28.432938759219976,2.0894655742462245,3109.646822574284,35.48589284838571,16663.076170265766,208.4046257554776
2020-03-20,12528.0,1041.0,1224.0,22.0,218.0,4.0,145.41512002011913,40.22160451747988,42.44198545500533,6.364528907425613,94.02452686122638,632.4463771177531,1.8217663148929004,66.01494193472038,428.4014477081749,0.29761993272358456,0.4697363967324342,18.72622552722041,1.3761434899869396,2048.045339338955,23.37137353760751,10974.473127244524,137.25742723472544
2020-03-21,13467.0,939.0,1468.0,26.0,244.0,4.0,162.75820772894068,45.018676615894904,47.503873628538074,7.123601162439677,105.23846125751942,707.875761544641,2.0390411964856314,73.88828363335676,479.4951983522691,0.33311588800254416,0.525760003682174,20.95962857175128,1.5402706952147396,2292.307627516995,26.15878506044143,12283.355243337906,153.6275791067569
2020-03-22,14317.0,850.0,1733.0,35.0,265.0,9.0,176.76608626298886,48.89323484923013,51.59232176869914,7.73669798379719,114.2958698083715,768.7994951202044,2.214532447002838,80.24752115917846,520.763227718653,0.36178569803555005,0.5710098400646563,22.763531030795452,1.6728349763602708,2489.59639873772,28.410155905807294,13340.529260182564,166.8496248495516
2020-03-23,15554.0,1237.0,1955.0,37.0,222.0,2.0,148.08328735993783,40.95961560954373,43.22073748170268,6.481309254350854,95.74974753757914,644.0508977988127,1.8551932197533207,67.22622527297213,436.2620247303432,0.3030808489203476,0.4783554131862403,19.069825995609776,1.401393829252755,2085.624152904807,23.800206079581958,11175.839606643505,139.7759121381149
2020-03-24,18276.0,2722.0,2535.0,52.0,580.0,15.0,386.88426427371144,107.01160834925838,112.9190438711151,16.933150304159888,250.1569980711527,1682.6554987536547,4.846901204760927,175.63608404650378,1139.7836682144102,0.7918328485306377,1.249757385801889,49.82206791645797,3.6612991935432335,5448.927967048595,62.1807185862952,29198.139512852402,365.18031099147134
2020-03-25,20386.0,2110.0,3006.0,64.0,471.0,12.0,314.17670426365186,86.90080609051844,91.69805114361242,13.75088585044708,203.14473464053953,1366.4323101947782,3.936018047314477,142.62861307914358,925.5829443603227,0.6430228821688455,1.014889187435672,40.45895515284776,2.9732274485497636,4424.905297379117,50.495031817491444,23710.902949230138,296.5515973741086
2020-03-26,23480.0,3094.0,3801.0,77.0,795.0,13.0,530.2982587889666,146.67970454769036,154.7769653060974,23.210093951391567,342.8876094251145,2306.398485360613,6.643597341008513,240.74256347753533,1562.2896831559588,1.0853570941066502,1.7130295201939687,68.29059309238635,5.0185049290808115,7468.78919621316,85.23046771742187,40021.587780547685,500.5488745486547
2020-03-27,25192.0,1712.0,4643.0,101.0,842.0,24.0,561.6492250318363,155.35133487944063,163.92730161979122,24.582263027763148,363.15895237225965,2442.7516033630645,7.036363473118451,254.9751427019934,1654.6514631664368,1.1495228594186155,1.814302963526191,72.3278985959614,5.3151964154541425,7910.340255611925,90.26925008562166,42387.64391348573,530.1410721634809
2020-03-28,26416.0,1224.0,5283.0,118.0,640.0,17.0,426.90677437099197,118.08177473021615,124.60032427157529,18.684855508038495,276.0353082164444,1856.7233089695503,5.348304777667231,193.80533412028004,1257.6923235469353,0.8737465914820831,1.379042632608981,54.97607494229845,4.040054282530465,6012.610170536381,68.61320671591196,32218.636703837135,402.95758454231327
2020-03-29,27251.0,835.0,5763.0,135.0,480.0,17.0,1306.0,2739.0,544.0,474.0,2423.0,1392.5424817271626,4.011228583250423,145.35400059021003,943.2692426602015,0.6553099436115624,1.0342819744567358,41.23205620672383,3.0300407118978487,4509.457627902285,51.45990503693396,24163.97752787785,302.21818840673495
2020-03-30,28704.0,1453.0,6932.0,150.0,1169.0,15.0,1624.0,3528.0,662.0,594.0,2937.0,3391.421169039694,9.769012945457801,353.99755560407397,2297.253634728699,1.5959527585039925,2.518907558624842,100.41723688679201,7.379411650434552,10982.408264620357,125.32631039203292,58849.35360435252,736.027213015569
2020-03-31,31038.0,2334.0,8155.0,171.0,1223.0,21.0,1855.0,3773.0,774.0,642.0,2745.0,3548.0821982339994,10.220276161073473,370.3498806704726,2403.3714245279716,1.669675127160293,2.6352642807512248,105.05584321004844,7.72029123052306,11489.722247759364,131.11554970868798,61567.80107623877,770.0267592113266
2020-04-01,32944.0,1906.0,9191.0,203.0,1036.0,32.0,1916.0,3478.0,810.0,617.0,2772.0,3005.5708563944595,8.65756835884883,313.7223846072033,2035.8894487416017,1.414377294961622,2.232325261535788,88.99252131284561,6.53983786984619,9732.912713555766,111.06762837138247,52153.91816433636,652.2875899778695
2020-04-02,35267.0,2323.0,10701.0,237.0,1510.0,34.0,2176.0,3408.0,896.0,582.0,2720.0,4380.706557100032,12.618656584808623,457.2594601900357,2967.367825868551,2.06149586427804,3.253678711311815,129.7091768169854,9.532003072845315,2342.0,161.88428459535476,76015.84597311573,950.7280510295203
2020-04-03,113687.0,78420.0,12026.0,276.0,1325.0,39.0,2285.0,3227.0,1003.0,583.0,2910.0,3843.9974756010215,11.072662235014187,401.2376057958922,2603.8161385932644,1.80892849017775,2.855049200323281,113.81765515397724,8.364174881801352,2660.0,318.0,66702.6463009128,834.2481242477578
2020-04-04,116563.0,2876.0,13438.0,319.0,1412.0,43.0,2383.0,3183.0,1035.0,559.0,2951.0,4096.39580041407,11.799697415728328,427.5830184028678,2774.7836888254265,1.927703417457346,3.042512808193565,121.29096534144595,8.913369760832838,2966.0,306.0,71082.36722784069,889.0251708964786
2020-04-05,129693.0,13130.0,14336.0,343.0,898.0,24.0,2509.0,2967.0,1085.0,575.0,2054.0,2605.2148928979,7.504340141164334,271.93310943751794,1764.6995414767937,1.225975686173298,1.9349691938794766,77.13830515341252,5.668701165175559,3129.0,163.0,45206.77462507148,565.3998608109333
2020-04-06,143172.0,13479.0,15865.0,374.0,1529.0,31.0,2611.0,2796.0,1108.0,522.0,2219.0,4435.828030335066,12.777434382895617,463.0130560467315,3004.70556672385,2.087435216212664,3.2946190394673938,131.34127904183487,9.651942184357939,3516.0,387.0,76972.3367502609,962.6908543206201
2020-04-07,154733.0,11561.0,16957.0,442.0,1092.0,68.0,2714.0,3078.0,1154.0,522.0,2110.0,3168.034145929295,9.125545026894713,330.6803513427278,2145.9375270519586,1.4908301217163042,2.352991491889074,93.80292787029673,6.893342619567606,3751.0,235.0,54973.04887592211,687.546378625322
2020-04-08,163704.0,8971.0,18309.0,492.0,1352.0,50.0,2825.0,2803.0,1132.0,530.0,2238.0,3922.327990198175,11.298293842822025,409.41376832909157,2656.875033492901,1.8457896745059006,2.913227561386473,116.13695831560547,8.534614671845608,4056.0,305.0,68061.87003685595,851.2478973456367
2020-04-09,172076.0,8372.0,19472.0,541.0,1163.0,49.0,2897.0,2339.0,1145.0,446.0,2135.0,3374.0143880181045,9.718872588167171,352.1806305966964,2285.4627691954465,1.587761384208848,2.505979033944133,99.90183618420797,7.341536141535829,4335.0,279.0,58547.30388525404,732.2494856604849
2020-04-10,182986.0,10910.0,20615.0,609.0,1143.0,68.0,2846.0,2221.0,1145.0,420.0,2327.0,3315.991784612806,9.55173806386507,346.1242139054376,2246.159884084605,1.5604568032250328,2.4628839516751024,98.18383384226114,7.215284445206752,4561.0,226.0,57540.471488259136,719.6570611435376
2020-04-11,190238.0,7252.0,21794.0,651.0,1179.0,42.0,2917.0,2317.0,1145.0,394.0,2309.0,3420.4324707423434,9.852580207608852,357.0257639497034,2316.90507728412,1.6096050489959,2.5404550997593573,101.27623805776543,7.442537498599091,4870.0,309.0,59352.76980284997,742.3234252740426
2020-04-12,199667.0,9429.0,22348.0,687.0,554.0,36.0,3015.0,2033.0,1178.0,374.0,2052.0,1607.226114326767,4.629626323168196,167.7627423478674,1088.6899175703159,0.7563368932516782,1.1937337788521494,47.588664871927094,3.4971719883154337,5036.0,166.0,27889.257396759018,348.8101591194399
2020-04-13,202208.0,2541.0,23338.0,758.0,990.0,71.0,3124.0,2039.0,1177.0,375.0,2182.0,2872.118868562273,8.273158952953997,299.79262621730817,1945.4928129866657,1.3515767586988474,2.1332065723170177,85.04111592636791,6.2494589682893125,5320.0,284.0,10021.0,623.3250135888908
2020-04-14,214387.0,12179.0,24424.0,821.0,1086.0,63.0,3171.0,1894.0,1175.0,368.0,2196.0,3150.6273649077057,9.075404669604083,328.8634263353502,2134.146661518706,1.4826387474211598,2.340062967208365,93.28752716771268,6.855467110668883,5605.0,285.0,10956.0,935.0
2020-04-15,239181.0,24794.0,26182.0,890.0,1758.0,69.0,3141.0,1890.0,1191.0,377.0,2068.0,5100.186839325733,14.691124686154673,532.3590271616442,3454.723601242988,2.400072668477347,3.788057731447795,151.01240585712605,11.09752410732587,6051.0,446.0,11778.0,822.0
2020-04-16,251614.0,12433.0,27528.0,985.0,1346.0,95.0,3180.0,1712.0,1174.0,310.0,2127.0,3904.9212091765853,11.248153485531395,407.59684332171395,2645.0841679596488,1.837598300210756,2.9002990367057637,115.62155761302142,8.496739162946884,6360.0,309.0,12707.0,929.0
2020-04-17,259666.0,8052.0,28963.0,1072.0,1435.0,87.0,3221.0,1715.0,1173.0,316.0,2103.0,4163.1217943301635,11.991902118675744,434.5478975978154,2819.982006702894,1.9591036855887332,3.09207215280295,123.2666680346848,9.058559211611277,6729.0,369.0,13595.0,888.0
2020-04-18,273721.0,14055.0,30333.0,1166.0,1370.0,94.0,3196.0,1535.0,1163.0,294.0,2229.0,3974.5483332629433,11.448714914693916,414.8645433512244,2692.2476300926583,1.870363797391334,2.9520131354286,117.6831604233576,8.648241198541776,7071.0,342.0,14398.0,803.0
2020-04-19,283317.0,9596.0,30978.0,1208.0,645.0,42.0,3257.0,1417.0,1196.0,284.0,2212.0,1871.228959820875,5.3900884087427565,195.31943829309472,1267.5180448246458,0.8805727367280369,1.3898164031762388,55.40557552778516,4.071617206612734,7267.0,196.0,14749.0,351.0
2020-04-20,292906.0,9589.0,33261.0,1268.0,2283.0,60.0,3365.0,1521.0,1241.0,261.0,2185.0,6623.280178714817,19.078405949084825,691.3399653071864,4486.424335402584,3.1168179193024934,4.91930364100985,196.10996733323023,14.411631135964143,7650.0,383.0,16176.0,1427.0
2020-04-21,301547.0,8641.0,35396.0,1354.0,2135.0,86.0,3357.0,1627.0,1219.0,332.0,2778.0,2020.0,320.0,71.0,957.0,0.0,4.6004000322190235,183.39675000282375,13.477368583128973,8035.0,385.0,16661.0,485.0
2020-04-22,482097.0,180550.0,37369.0,1469.0,1973.0,115.0,3343.0,1586.0,1204.0,327.0,3407.0,2449.0,191.0,112.0,1165.0,0.0,41.0,169.48093103305445,12.454729842863449,8401.0,366.0,17491.0,830.0
2020-04-23,494173.0,12076.0,39254.0,1562.0,1885.0,93.0,3344.0,1536.0,1216.0,305.0,3625.0,2697.0,192.0,125.0,1332.0,0.0,13.0,2105.0,48.0,8832.0,431.0,18294.0,803.0
2020-04-24,506035.0,11862.0,41137.0,1651.0,1883.0,89.0,3343.0,1504.0,1198.0,260.0,4042.0,3147.0,19.0,195.0,1575.0,0.0,70.0,2105.0,44.0,9256.0,424.0,19212.0,918.0
2020-04-25,526084.0,20049.0,42164.0,1710.0,1027.0,59.0,3324.0,1604.0,1184.0,289.0,4527.0,3279.0,52.0,197.0,1640.0,0.0,2.0,2105.0,43.0,9512.0,256.0,19835.0,623.0
2020-04-26,553409.0,27325.0,43464.0,1755.0,1300.0,45.0,3372.0,1506.0,1185.0,314.0,4352.0,3403.0,23.0,211.0,1694.0,0.0,14.0,2105.0,50.0,9824.0,312.0,20384.0,549.0
2020-04-27,577608.0,24199.0,45031.0,1809.0,1567.0,54.0,3455.0,1528.0,1181.0,304.0,4271.0,3444.0,106.0,211.0,1720.0,0.0,0.0,2105.0,49.0,10086.0,262.0,20986.0,602.0
2020-04-28,603139.0,25531.0,46500.0,1887.0,1469.0,78.0,3495.0,1516.0,1186.0,326.0,4024.0,3736.0,124.0,240.0,1926.0,0.0,29.0,2105.0,47.0,10413.0,327.0,22044.0,1058.0
2020-04-29,625337.0,22198.0,48917.0,1982.0,2417.0,95.0,3497.0,1484.0,1192.0,281.0,4010.0,4020.0,105.0,269.0,2030.0,0.0,29.0,2105.0,39.0,10906.0,493.0,23028.0,984.0
2020-04-30,654985.0,29648.0,50442.0,2073.0,1525.0,91.0,3428.0,1278.0,1192.0,242.0,4143.0,4340.0,28.0,300.0,2205.0,0.0,31.0,2105.0,44.0,11256.0,350.0,24189.0,1161.0
2020-05-01,685048.0,30063.0,52197.0,2171.0,1755.0,98.0,3423.0,1299.0,1178.0,255.0,3941.0,4457.0,81.0,317.0,2312.0,0.0,17.0,2105.0,43.0,11547.0,291.0,25299.0,1110.0
2020-05-02,715751.0,30703.0,53616.0,2215.0,1419.0,44.0,3318.0,1416.0,1169.0,299.0,3922.0,4654.0,76.0,331.0,2444.0,0.0,14.0,2105.0,44.0,11860.0,313.0,26602.0,1303.0
2020-05-03,747874.0,32123.0,54937.0,2254.0,1321.0,39.0,3284.0,1332.0,1179.0,285.0,3969.0,4854.0,0.0,350.0,2548.0,0.0,19.0,2105.0,55.0,12098.0,238.0,27357.0,755.0
2020-05-04,779902.0,32028.0,56212.0,2317.0,1275.0,63.0,3369.0,1253.0,1157.0,231.0,4024.0,4988.0,52.0,367.0,2634.0,0.0,17.0,2105.0,53.0,12425.0,327.0,27924.0,567.0
2020-05-05,809036.0,29134.0,58815.0,2412.0,2603.0,95.0,3334.0,1347.0,1140.0,275.0,3893.0,5225.0,95.0,385.0,2725.0,0.0,18.0,2340.0,52.0,12842.0,417.0,29514.0,1590.0
2020-05-06,842874.0,33838.0,60614.0,2504.0,1799.0,92.0,3319.0,1241.0,1125.0,249.0,3988.0,5500.0,89.0,428.0,2812.0,0.0,43.0,2092.0,52.0,13194.0,352.0,30404.0,890.0
2020-05-07,875272.0,32398.0,62512.0,2585.0,1898.0,81.0,3250.0,1264.0,1118.0,224.0,3741.0,5765.0,97.0,463.0,2927.0,0.0,35.0,2092.0,53.0,13580.0,386.0,31436.0,1032.0
2020-05-08,912570.0,37298.0,64561.0,2678.0,2049.0,93.0,3282.0,1256.0,1115.0,234.0,3665.0,6015.0,124.0,478.0,3040.0,0.0,15.0,2092.0,51.0,13948.0,368.0,32472.0,1036.0
2020-05-09,955664.0,43094.0,66680.0,2745.0,2119.0,67.0,3218.0,1337.0,1097.0,231.0,3717.0,6274.0,47.0,479.0,3120.0,0.0,1.0,2092.0,49.0,14290.0,342.0,33620.0,1148.0
2020-05-10,991897.0,36233.0,67939.0,2770.0,1259.0,25.0,3248.0,1301.0,1093.0,236.0,3868.0,6459.0,50.0,506.0,3166.0,0.0,27.0,2092.0,48.0,14597.0,307.0,34255.0,635.0
2020-05-11,1033370.0,41473.0,69382.0,2847.0,1443.0,77.0,3284.0,1260.0,1078.0,271.0,3899.0,6637.0,48.0,508.0,3237.0,0.0,2.0,2092.0,49.0,14845.0,248.0,34946.0,691.0
2020-05-12,1065592.0,32222.0,71141.0,2934.0,1759.0,87.0,3301.0,1244.0,1075.0,239.0,3833.0,6875.0,21.0,543.0,3301.0,0.0,35.0,2092.0,48.0,15098.0,253.0,36206.0,1260.0
2020-05-13,1104651.0,39059.0,73164.0,3032.0,2023.0,98.0,3261.0,1394.0,1099.0,225.0,3840.0,7049.0,34.0,583.0,3371.0,0.0,40.0,2092.0,46.0,15498.0,400.0,37589.0,1383.0
2020-05-14,1133906.0,29255.0,74936.0,3108.0,1772.0,76.0,3157.0,1362.0,1067.0,257.0,3811.0,7153.0,-547.0,619.0,3490.0,0.0,36.0,4184.0,102.0,15725.0,227.0,39127.0,1538.0
2020-05-15,1179126.0,45220.0,76793.0,3204.0,1857.0,96.0,3126.0,1298.0,1079.0,234.0,3710.0,6861.0,0.0,618.0,3263.0,0.0,-1.0,1911.0,53.0,16101.0,376.0,40572.0,1445.0
2020-05-16,1235243.0,56117.0,78839.0,3261.0,2046.0,57.0,3025.0,1266.0,1069.0,224.0,3704.0,7167.0,127.0,632.0,3327.0,38.0,14.0,1911.0,52.0,16489.0,388.0,42177.0,1605.0
2020-05-17,1292672.0,57429.0,80430.0,3302.0,1591.0,41.0,3037.0,1354.0,1076.0,249.0,3846.0,7307.0,71.0,633.0,3402.0,19.0,1.0,3822.0,120.0,16727.0,238.0,42957.0,780.0
2020-05-18,1339316.0,46644.0,81795.0,3334.0,1365.0,32.0,3073.0,1290.0,1076.0,231.0,3925.0,7457.0,63.0,647.0,3448.0,0.0,14.0,1911.0,63.0,16920.0,193.0,43869.0,912.0
2020-05-19,1380120.0,40804.0,84057.0,3436.0,2262.0,102.0,3047.0,1634.0,1068.0,277.0,3805.0,7595.0,67.0,652.0,3566.0,44.0,5.0,1911.0,56.0,17232.0,312.0,45161.0,1292.0
2020-05-20,1421128.0,41008.0,86197.0,3542.0,2140.0,106.0,3048.0,1687.0,1051.0,259.0,3811.0,7711.0,44.0,708.0,3673.0,0.0,56.0,1911.0,47.0,17513.0,281.0,46607.0,1446.0
2020-05-21,1466773.0,45645.0,88444.0,3630.0,2247.0,88.0,3007.0,1755.0,1050.0,267.0,3710.0,7848.0,57.0,724.0,3753.0,35.0,16.0,1541.0,41.0,17864.0,351.0,47991.0,1384.0
2020-05-22,1515306.0,48533.0,90631.0,3708.0,2187.0,78.0,3024.0,1318.0,1079.0,233.0,3719.0,8050.0,92.0,755.0,3860.0,31.0,31.0,1541.0,40.0,18164.0,300.0,49498.0,1507.0
2020-05-23,1582745.0,67439.0,92710.0,3774.0,2079.0,66.0,2980.0,1320.0,1071.0,244.0,3767.0,8138.0,11.0,771.0,3926.0,0.0,16.0,1541.0,38.0,18424.0,260.0,50971.0,1473.0
2020-05-24,1644102.0,61357.0,94558.0,3795.0,1848.0,21.0,3015.0,1291.0,1062.0,239.0,3813.0,8230.0,14.0,775.0,3955.0,0.0,4.0,1541.0,39.0,18670.0,246.0,52012.0,1041.0
2020-05-25,1696396.0,52294.0,96733.0,3814.0,2175.0,19.0,3065.0,1339.0,1084.0,308.0,4232.0,8343.0,53.0,780.0,4022.0,0.0,5.0,1541.0,37.0,18898.0,228.0,53049.0,1037.0
2020-05-26,1736894.0,40498.0,98980.0,3884.0,2247.0,70.0,3114.0,1430.0,1095.0,312.0,4231.0,8374.0,0.0,798.0,4079.0,0.0,18.0,1666.0,37.0,19095.0,197.0,54607.0,1558.0
2020-05-27,1790559.0,-807088.0,101697.0,3973.0,2717.0,89.0,3091.0,1438.0,1092.0,233.0,3865.0,8486.0,42.0,843.0,4190.0,17.0,45.0,1666.0,36.0,19462.0,367.0,56546.0,1939.0
2020-05-28,1835478.0,44919.0,103886.0,4068.0,2189.0,95.0,3016.0,1398.0,1078.0,250.0,3742.0,8559.0,13.0,864.0,4260.0,0.0,21.0,1666.0,33.0,19773.0,311.0,58338.0,1792.0
2020-05-29,1888595.0,53117.0,106878.0,4156.0,2992.0,88.0,2928.0,1287.0,1042.0,231.0,3696.0,8702.0,51.0,872.0,4336.0,0.0,8.0,1541.0,38.0,20073.0,300.0,60412.0,2074.0
2020-05-30,1944848.0,56253.0,110583.0,4213.0,3705.0,57.0,2940.0,1391.0,1067.0,257.0,3754.0,8863.0,22.0,890.0,4377.0,0.0,18.0,1541.0,40.0,20455.0,382.0,62796.0,2384.0
2020-05-31,2012583.0,67735.0,113006.0,4251.0,2423.0,38.0,2973.0,1285.0,1053.0,220.0,3860.0,8959.0,29.0,903.0,4412.0,13.0,13.0,1541.0,44.0,20792.0,337.0,63892.0,1096.0
2020-06-01,2071591.0,59008.0,115310.0,4286.0,2304.0,35.0,3038.0,1355.0,1054.0,242.0,4181.0,9050.0,40.0,911.0,4450.0,0.0,8.0,1541.0,37.0,21054.0,262.0,65026.0,1134.0
2020-06-02,2131294.0,59703.0,117687.0,4361.0,2377.0,75.0,3090.0,1368.0,1079.0,234.0,3676.0,9207.0,53.0,953.0,4532.0,0.0,42.0,1541.0,33.0,21354.0,300.0,66749.0,1723.0
2020-06-03,2182671.0,51377.0,119807.0,4422.0,2120.0,61.0,3109.0,1346.0,1058.0,221.0,3676.0,9311.0,28.0,976.0,4569.0,0.0,23.0,1541.0,34.0,21595.0,241.0,68205.0,1456.0
2020-06-04,2238463.0,55792.0,122901.0,4485.0,3094.0,63.0,3142.0,1483.0,1083.0,250.0,3686.0,9420.0,0.0,1016.0,4616.0,0.0,40.0,1541.0,35.0,22002.0,407.0,70218.0,2013.0
2020-06-05,2308300.0,69837.0,126016.0,4559.0,3115.0,74.0,3181.0,1345.0,1077.0,238.0,3719.0,9551.0,53.0,1044.0,4685.0,0.0,28.0,1541.0,32.0,22365.0,363.0,71877.0,1659.0
2020-06-06,2362218.0,53918.0,128812.0,4626.0,2796.0,67.0,3138.0,1387.0,1068.0,220.0,3752.0,9732.0,81.0,1057.0,4762.0,14.0,13.0,1541.0,36.0,22704.0,339.0,73854.0,1977.0
2020-06-07,2431190.0,68972.0,131319.0,4653.0,2507.0,27.0,3184.0,1322.0,1079.0,222.0,3791.0,9846.0,42.0,1073.0,4810.0,14.0,16.0,1541.0,36.0,22939.0,235.0,75194.0,1340.0
2020-06-08,2486245.0,55055.0,133489.0,4697.0,2170.0,44.0,3257.0,1326.0,1103.0,242.0,3926.0,9941.0,26.0,1092.0,4919.0,0.0,19.0,1541.0,37.0,23154.0,215.0,77197.0,2003.0
2020-06-09,2540798.0,54553.0,136191.0,4776.0,2702.0,79.0,3240.0,1479.0,1090.0,236.0,3728.0,10072.0,57.0,1112.0,5053.0,19.0,20.0,1509.0,41.0,23469.0,315.0,79272.0,2075.0
2020-06-10,2597647.0,-5902816.0,139281.0,4881.0,3090.0,105.0,3177.0,1357.0,1073.0,252.0,3741.0,10233.0,88.0,1133.0,5124.0,0.0,21.0,1509.0,47.0,23806.0,337.0,81081.0,1809.0
2020-06-11,2662258.0,121460.0,141983.0,4943.0,2702.0,62.0,3222.0,1258.0,1101.0,209.0,3648.0,10354.0,43.0,1136.0,5181.0,0.0,3.0,1509.0,42.0,24043.0,237.0,82780.0,1699.0
2020-06-12,2724393.0,62135.0,145643.0,4989.0,3660.0,46.0,3191.0,1220.0,1109.0,204.0,3689.0,10413.0,0.0,1145.0,5238.0,0.0,9.0,1509.0,37.0,24403.0,360.0,84957.0,2177.0
2020-06-13,2801996.0,77603.0,148855.0,5063.0,3212.0,74.0,3092.0,1155.0,1076.0,204.0,3730.0,10507.0,34.0,1173.0,5318.0,0.0,28.0,1509.0,34.0,24762.0,359.0,86735.0,1778.0
2020-06-14,2868182.0,66186.0,151452.0,5089.0,2597.0,26.0,3103.0,1220.0,1053.0,217.0,3780.0,10596.0,34.0,1186.0,5354.0,0.0,13.0,1509.0,36.0,24981.0,219.0,87959.0,1224.0
2020-06-15,2937755.0,69573.0,153560.0,5121.0,2108.0,32.0,3335.0,1127.0,1069.0,203.0,3928.0,10662.0,11.0,1200.0,5432.0,0.0,14.0,1509.0,34.0,25109.0,128.0,89596.0,1637.0
2020-06-16,2997988.0,60233.0,157015.0,5208.0,3455.0,87.0,3421.0,1101.0,1109.0,209.0,3770.0,10754.0,12.0,1219.0,5526.0,21.0,19.0,1509.0,31.0,25503.0,394.0,91972.0,2376.0
2020-06-17,3074530.0,76542.0,161099.0,5290.0,4084.0,82.0,3439.0,1145.0,1119.0,179.0,3530.0,10871.0,58.0,1219.0,5592.0,13.0,0.0,1509.0,28.0,25911.0,408.0,94289.0,2317.0
2020-06-18,3155702.0,81172.0,165416.0,5360.0,4317.0,70.0,3428.0,1159.0,1128.0,201.0,3879.0,11163.0,161.0,1263.0,5793.0,46.0,44.0,1509.0,26.0,26385.0,474.0,96409.0,2120.0
2020-06-19,3234412.0,78710.0,169309.0,5424.0,3893.0,64.0,3494.0,1088.0,1145.0,187.0,3898.0,11261.0,36.0,1279.0,5897.0,0.0,16.0,1509.0,26.0,26741.0,356.0,98617.0,2208.0
2020-06-20,3319256.0,84844.0,173824.0,5495.0,4515.0,71.0,3574.0,1105.0,1163.0,203.0,4045.0,11374.0,29.0,1308.0,6006.0,0.0,29.0,1509.0,22.0,27173.0,432.0,101048.0,2431.0
2020-06-21,3411686.0,92430.0,178054.0,5515.0,4230.0,20.0,3702.0,1102.0,1199.0,213.0,4120.0,11480.0,13.0,1337.0,6076.0,0.0,29.0,1509.0,25.0,27456.0,283.0,102945.0,1897.0
2020-06-22,3496929.0,85243.0,183073.0,5580.0,5019.0,65.0,3868.0,1197.0,1225.0,196.0,4178.0,11582.0,58.0,1369.0,6125.0,0.0,32.0,1509.0,25.0,27864.0,408.0,105065.0,2120.0
2020-06-23,3592899.0,95970.0,190222.0,5632.0,7149.0,52.0,4095.0,1304.0,1268.0,219.0,4034.0,11728.0,73.0,1406.0,6224.0,17.0,37.0,1509.0,26.0,28528.0,664.0,108410.0,3345.0
2020-06-24,3694345.0,101446.0,195571.0,5733.0,5349.0,101.0,4240.0,1282.0,1306.0,217.0,3790.0,11895.0,90.0,1423.0,6303.0,0.0,17.0,1478.0,31.0,29048.0,520.0,111531.0,3121.0
2020-06-25,3771314.0,76969.0,200840.0,5812.0,5269.0,79.0,4380.0,1259.0,1364.0,206.0,3632.0,12045.0,54.0,1442.0,6417.0,0.0,19.0,0.0,20.0,29544.0,496.0,113980.0,2449.0
2020-06-26,3862310.0,90996.0,207049.0,5872.0,6209.0,60.0,4494.0,1296.0,1379.0,183.0,3684.0,12184.0,37.0,1451.0,6532.0,0.0,9.0,276.0,29.0,30007.0,463.0,116802.0,2822.0
2020-06-27,3955952.0,93642.0,212169.0,5905.0,5120.0,33.0,4577.0,1379.0,1385.0,217.0,3621.0,12361.0,78.0,1467.0,6622.0,12.0,16.0,285.0,20.0,30333.0,326.0,118577.0,1775.0
2020-06-28,4061692.0,105740.0,219252.0,5936.0,7083.0,31.0,4776.0,1403.0,1465.0,221.0,3717.0,12549.0,114.0,1472.0,6756.0,38.0,5.0,285.0,20.0,30893.0,560.0,121618.0,3041.0
2020-06-29,4167139.0,105447.0,228732.0,5980.0,9480.0,44.0,5077.0,1389.0,1528.0,223.0,3730.0,12652.0,36.0,1489.0,6887.0,38.0,17.0,274.0,31.0,31379.0,486.0,124966.0,3348.0
2020-06-30,4254176.0,87037.0,236139.0,6090.0,7407.0,110.0,5196.0,1416.0,1617.0,242.0,3580.0,12787.0,46.0,1493.0,6988.0,12.0,4.0,268.0,37.0,32145.0,766.0,128782.0,3816.0
2020-07-01,4338718.0,84542.0,242547.0,6163.0,6408.0,73.0,5355.0,1457.0,1676.0,258.0,3451.0,12994.0,129.0,1509.0,7083.0,0.0,16.0,265.0,40.0,32815.0,670.0,132409.0,3627.0
2020-07-02,4448176.0,109458.0,248235.0,6263.0,5688.0,100.0,5506.0,1518.0,1650.0,221.0,3497.0,13112.0,53.0,1510.0,7138.0,0.0,1.0,266.0,44.0,33445.0,630.0,136164.0,3755.0
2020-07-03,4553031.0,104855.0,257388.0,6313.0,9153.0,50.0,5595.0,1497.0,1682.0,206.0,3555.0,13225.0,20.0,1517.0,7241.0,0.0,7.0,268.0,42.0,34055.0,610.0,139471.0,3307.0
2020-07-04,4680138.0,127107.0,265985.0,6331.0,8597.0,18.0,5669.0,1480.0,1711.0,196.0,3871.0,13390.0,41.0,1541.0,7337.0,16.0,24.0,272.0,38.0,34493.0,438.0,142194.0,2723.0
2020-07-05,4793353.0,113215.0,271684.0,6337.0,5699.0,6.0,5790.0,1488.0,1706.0,231.0,3882.0,13527.0,75.0,1546.0,7393.0,0.0,5.0,267.0,43.0,35441.0,948.0,146493.0,4299.0
2020-07-06,4896370.0,103017.0,277774.0,6448.0,6090.0,111.0,5989.0,1510.0,1740.0,244.0,3925.0,13634.0,12.0,1565.0,7548.0,17.0,19.0,264.0,46.0,35957.0,516.0,148957.0,2464.0
2020-07-07,4996175.0,99805.0,289468.0,6562.0,11694.0,114.0,6100.0,1605.0,1753.0,223.0,3908.0,13742.0,0.0,1582.0,7621.0,0.0,17.0,254.0,56.0,36911.0,954.0,153444.0,4487.0
2020-07-08,5078434.0,82259.0,296499.0,6711.0,7031.0,149.0,6126.0,1695.0,1752.0,205.0,3795.0,13839.0,40.0,1585.0,7745.0,0.0,3.0,247.0,63.0,37586.0,675.0,157029.0,3585.0
2020-07-09,5175737.0,97303.0,304297.0,6851.0,7798.0,140.0,6171.0,1725.0,1777.0,228.0,3916.0,13999.0,33.0,1616.0,7855.0,13.0,31.0,244.0,66.0,38346.0,760.0,161184.0,4155.0
2020-07-10,5275695.0,99958.0,312344.0,6945.0,8047.0,94.0,6357.0,1547.0,1806.0,215.0,3944.0,14215.0,45.0,1625.0,8078.0,28.0,9.0,241.0,69.0,39039.0,693.0,165143.0,3959.0
2020-07-11,5406599.0,130904.0,320804.0,7017.0,8460.0,72.0,6322.0,1532.0,1806.0,214.0,3787.0,14362.0,0.0,1631.0,8211.0,20.0,6.0,238.0,72.0,39776.0,737.0,169628.0,4485.0
2020-07-12,5544365.0,137766.0,329162.0,7040.0,8358.0,23.0,6485.0,1410.0,1833.0,188.0,4178.0,14536.0,72.0,1646.0,8331.0,0.0,15.0,238.0,72.0,40473.0,697.0,174145.0,4517.0
2020-07-13,5674955.0,130590.0,336508.0,7087.0,7346.0,47.0,6745.0,1400.0,1886.0,197.0,4008.0,14637.0,15.0,1657.0,8480.0,24.0,11.0,240.0,70.0,41080.0,607.0,178206.0,4061.0
2020-07-14,5793276.0,118321.0,347634.0,7227.0,11126.0,140.0,6786.0,1567.0,1907.0,203.0,3798.0,14830.0,129.0,1662.0,8621.0,0.0,5.0,394.0,110.0,42007.0,927.0,184048.0,5842.0
2020-07-15,5915508.0,122232.0,356178.0,7345.0,8544.0,118.0,6777.0,1586.0,1897.0,223.0,3797.0,14925.0,13.0,1698.0,8779.0,0.0,36.0,426.0,124.0,42748.0,741.0,188912.0,4864.0
2020-07-16,6044099.0,128591.0,366164.0,7475.0,9986.0,130.0,6808.0,1642.0,1941.0,212.0,3802.0,15069.0,43.0,1732.0,8974.0,18.0,34.0,386.0,164.0,43550.0,802.0,193950.0,5038.0
2020-07-17,6167218.0,123119.0,375363.0,7595.0,9199.0,120.0,6894.0,1608.0,1930.0,195.0,3884.0,15220.0,30.0,1738.0,9135.0,37.0,6.0,395.0,155.0,44297.0,747.0,198857.0,4907.0
2020-07-18,6286852.0,119634.0,384692.0,7685.0,9329.0,90.0,6899.0,1499.0,1921.0,186.0,3985.0,15452.0,100.0,1743.0,9350.0,52.0,5.0,384.0,166.0,45166.0,869.0,203827.0,4970.0
2020-07-19,6414538.0,127686.0,391538.0,7694.0,6846.0,9.0,6921.0,1498.0,1943.0,214.0,4057.0,15590.0,24.0,1747.0,9519.0,11.0,4.0,379.0,171.0,45759.0,593.0,207384.0,3557.0
2020-07-20,6537511.0,122973.0,400769.0,7755.0,9231.0,61.0,7091.0,1590.0,2006.0,220.0,4045.0,15714.0,24.0,1794.0,9629.0,11.0,47.0,375.0,175.0,46495.0,736.0,212351.0,4967.0
2020-07-21,6664998.0,127487.0,413576.0,7870.0,12807.0,115.0,7170.0,1650.0,2058.0,226.0,3668.0,15966.0,70.0,1801.0,9771.0,11.0,7.0,381.0,169.0,47673.0,1178.0,217818.0,5467.0
2020-07-22,6778304.0,113306.0,425616.0,8027.0,12040.0,157.0,6825.0,1512.0,1978.0,218.0,1819.0,16228.0,140.0,1803.0,9969.0,12.0,2.0,389.0,161.0,48744.0,1071.0,223836.0,6018.0
2020-07-23,6915876.0,137572.0,435334.0,8186.0,9718.0,159.0,6952.0,1619.0,2002.0,218.0,2614.0,16417.0,22.0,1809.0,10111.0,18.0,6.0,254.0,166.0,49648.0,904.0,228677.0,4841.0
2020-07-24,7047355.0,131479.0,445400.0,8337.0,10066.0,151.0,6895.0,1554.0,2019.0,236.0,2572.0,16610.0,66.0,1836.0,10311.0,11.0,27.0,370.0,190.0,50518.0,870.0,234287.0,5610.0
2020-07-25,7168139.0,120784.0,453659.0,8416.0,8259.0,79.0,6912.0,1468.0,1993.0,206.0,2682.0,16826.0,80.0,1853.0,10516.0,0.0,17.0,328.0,232.0,51190.0,672.0,239632.0,5345.0
2020-07-26,7296578.0,128439.0,460550.0,8445.0,6891.0,29.0,6935.0,1484.0,2012.0,209.0,2748.0,16999.0,23.0,1880.0,10649.0,0.0,27.0,316.0,244.0,51772.0,582.0,243375.0,3743.0
2020-07-27,7417866.0,121288.0,466550.0,8518.0,6000.0,73.0,6896.0,1421.0,1975.0,223.0,2846.0,17176.0,71.0,1897.0,10883.0,19.0,17.0,309.0,251.0,52302.0,530.0,246622.0,3247.0
2020-07-28,7517466.0,99600.0,475305.0,8715.0,8755.0,197.0,6939.0,1500.0,2012.0,197.0,2711.0,17273.0,20.0,1903.0,11037.0,11.0,6.0,313.0,247.0,53138.0,836.0,250600.0,3978.0
2020-07-29,7633840.0,116374.0,485502.0,8909.0,10197.0,194.0,6753.0,1445.0,2029.0,191.0,2548.0,17486.0,65.0,1912.0,11348.0,28.0,9.0,314.0,246.0,54039.0,901.0,257641.0,7041.0
2020-07-30,7811041.0,177201.0,493588.0,9005.0,8086.0,96.0,6630.0,1367.0,2003.0,160.0,2487.0,17726.0,51.0,1938.0,11525.0,15.0,26.0,355.0,205.0,54743.0,704.0,263103.0,5462.0
2020-07-31,7886587.0,75546.0,500130.0,9224.0,6542.0,219.0,6477.0,1295.0,1966.0,154.0,2426.0,17986.0,40.0,1977.0,11749.0,14.0,39.0,428.0,132.0,55360.0,617.0,266992.0,3889.0
2020-08-01,8035975.0,149388.0,509162.0,9356.0,9032.0,132.0,6362.0,1399.0,1940.0,179.0,2592.0,18233.0,87.0,1982.0,11925.0,14.0,5.0,428.0,132.0,56206.0,846.0,271815.0,4823.0
2020-08-02,8184696.0,148721.0,514901.0,9388.0,5739.0,32.0,6399.0,1246.0,1909.0,160.0,2595.0,18367.0,17.0,1986.0,12071.0,0.0,4.0,441.0,119.0,56786.0,580.0,274851.0,3036.0
2020-08-03,8305713.0,121017.0,519427.0,9501.0,4526.0,113.0,6302.0,1328.0,1892.0,190.0,2707.0,18481.0,12.0,1998.0,12200.0,0.0,12.0,475.0,85.0,57247.0,461.0,277747.0,2896.0
2020-08-04,8409400.0,-187482.0,524722.0,9703.0,5295.0,202.0,6184.0,1368.0,1828.0,177.0,2579.0,18631.0,12.0,2026.0,12294.0,0.0,28.0,484.0,76.0,57847.0,600.0,281924.0,4177.0
2020-08-05,8500463.0,6763569.0,529980.0,9869.0,5258.0,166.0,6069.0,1416.0,1828.0,198.0,2589.0,18818.0,88.0,2028.0,12404.0,20.0,2.0,487.0,73.0,58458.0,611.0,286217.0,4293.0
2020-08-06,8596882.0,291169.0,538416.0,10011.0,8436.0,142.0,5932.0,1345.0,1798.0,180.0,2464.0,19046.0,101.0,2033.0,12592.0,16.0,5.0,487.0,73.0,59282.0,824.0,291688.0,5471.0
2020-08-07,8707527.0,298127.0,545787.0,10189.0,7371.0,178.0,5746.0,1210.0,1868.0,170.0,2402.0,19205.0,44.0,2047.0,12735.0,18.0,14.0,441.0,119.0,59954.0,672.0,296595.0,4907.0
2020-08-08,8826119.0,118592.0,554160.0,10293.0,8373.0,104.0,5636.0,1213.0,1731.0,160.0,2564.0,19373.0,35.0,2051.0,12816.0,0.0,4.0,444.0,116.0,60829.0,875.0,301579.0,4984.0
2020-08-09,8998353.0,172234.0,561911.0,10359.0,7751.0,66.0,5596.0,1174.0,1727.0,152.0,2574.0,19564.0,56.0,2053.0,12940.0,0.0,2.0,447.0,113.0,61464.0,635.0,304673.0,3094.0
2020-08-10,9186279.0,187926.0,574411.0,10468.0,12500.0,109.0,5549.0,1210.0,1725.0,160.0,2595.0,19750.0,84.0,2057.0,13072.0,11.0,4.0,267.0,43.0,62506.0,1042.0,308890.0,4217.0
2020-08-11,9303467.0,117188.0,586056.0,10648.0,11645.0,180.0,5442.0,1205.0,1699.0,174.0,2522.0,19955.0,117.0,2072.0,13154.0,0.0,15.0,269.0,41.0,63617.0,1111.0,314380.0,5490.0
2020-08-12,9445493.0,142026.0,593141.0,10808.0,7085.0,160.0,5236.0,1188.0,1672.0,154.0,2383.0,20158.0,91.0,2093.0,13318.0,11.0,21.0,280.0,30.0,64298.0,681.0,319344.0,4964.0
2020-08-13,9556598.0,111105.0,601075.0,10996.0,7934.0,188.0,5189.0,1175.0,1684.0,166.0,2625.0,20405.0,67.0,2098.0,13461.0,11.0,5.0,269.0,41.0,65116.0,818.0,324963.0,5619.0
2020-08-14,9681111.0,124513.0,613689.0,11147.0,12614.0,151.0,5112.0,1215.0,1631.0,181.0,2501.0,20527.0,14.0,2111.0,13638.0,0.0,13.0,262.0,48.0,66403.0,1287.0,332360.0,7397.0
2020-08-15,9798135.0,117024.0,621562.0,11224.0,7873.0,77.0,5027.0,1282.0,1619.0,201.0,2476.0,20682.0,22.0,2158.0,13775.0,20.0,47.0,263.0,47.0,67168.0,765.0,336653.0,4293.0
2020-08-16,9933780.0,135645.0,628031.0,11242.0,6469.0,18.0,4975.0,1357.0,1589.0,222.0,2512.0,20875.0,79.0,2160.0,13853.0,0.0,2.0,271.0,39.0,67816.0,648.0,339309.0,2656.0
2020-08-17,10049039.0,115259.0,632667.0,11342.0,4636.0,100.0,5061.0,1299.0,1606.0,195.0,2554.0,20974.0,0.0,2190.0,13964.0,0.0,30.0,272.0,38.0,68211.0,395.0,341559.0,2250.0
2020-08-18,10140683.0,91644.0,638831.0,11523.0,6164.0,181.0,5058.0,1421.0,1590.0,171.0,2477.0,21098.0,11.0,2217.0,14133.0,0.0,27.0,199.0,36.0,68806.0,595.0,345359.0,3800.0
2020-08-19,10227966.0,87283.0,644751.0,11686.0,5920.0,163.0,4890.0,1322.0,1557.0,150.0,2467.0,21237.0,30.0,2221.0,14237.0,0.0,4.0,197.0,38.0,69380.0,574.0,349910.0,4551.0
2020-08-20,10329372.0,101406.0,650336.0,11821.0,5585.0,135.0,4772.0,1267.0,1533.0,173.0,2394.0,21549.0,143.0,2251.0,14355.0,0.0,30.0,198.0,37.0,69957.0,577.0,354377.0,4467.0
2020-08-21,10436352.0,106980.0,656892.0,11988.0,6556.0,167.0,4659.0,1214.0,1513.0,162.0,2391.0,21666.0,29.0,2254.0,14506.0,31.0,3.0,198.0,37.0,70688.0,731.0,358717.0,4340.0
2020-08-22,10541031.0,104679.0,663669.0,12134.0,6777.0,146.0,4561.0,1104.0,1441.0,141.0,2433.0,21784.0,36.0,2258.0,14627.0,0.0,4.0,196.0,39.0,71455.0,767.0,363060.0,4343.0
2020-08-23,10652487.0,111456.0,668615.0,12152.0,4946.0,18.0,4467.0,1151.0,1397.0,152.0,2568.0,21930.0,48.0,2263.0,14721.0,11.0,5.0,196.0,39.0,71901.0,446.0,365970.0,2910.0
2020-08-24,10762506.0,110019.0,673095.0,12257.0,4480.0,105.0,4424.0,1137.0,1388.0,152.0,2647.0,22008.0,40.0,2270.0,14783.0,0.0,7.0,192.0,43.0,72358.0,457.0,368491.0,2521.0
2020-08-25,10832757.0,70251.0,679099.0,12407.0,6004.0,150.0,4365.0,1172.0,1367.0,140.0,2512.0,22095.0,0.0,2273.0,14833.0,0.0,3.0,201.0,34.0,72988.0,630.0,372075.0,3584.0
2020-08-26,10918415.0,85658.0,683529.0,12550.0,4430.0,143.0,4293.0,1104.0,1349.0,143.0,2523.0,22227.0,40.0,2299.0,14928.0,0.0,26.0,201.0,34.0,73489.0,501.0,375687.0,3612.0
2020-08-27,11010637.0,92222.0,688858.0,12690.0,5329.0,140.0,4205.0,1062.0,1329.0,148.0,2465.0,22359.0,53.0,2307.0,15082.0,0.0,8.0,215.0,20.0,74124.0,635.0,379675.0,3988.0
2020-08-28,11109630.0,98993.0,693839.0,12834.0,4981.0,144.0,4072.0,991.0,1282.0,129.0,2495.0,22482.0,32.0,2331.0,15198.0,0.0,24.0,205.0,30.0,74665.0,541.0,383460.0,3785.0
2020-08-29,11231829.0,122199.0,699909.0,12905.0,6070.0,71.0,3940.0,1003.0,1266.0,130.0,2546.0,22564.0,13.0,2338.0,15273.0,0.0,7.0,204.0,31.0,75284.0,619.0,387381.0,3921.0
2020-08-30,11373305.0,141476.0,704085.0,12933.0,4176.0,28.0,3878.0,951.0,1223.0,123.0,2684.0,22639.0,14.0,2363.0,15343.0,0.0,25.0,206.0,29.0,75729.0,445.0,389823.0,2442.0
2020-08-31,11470696.0,97391.0,707797.0,13018.0,3712.0,85.0,3849.0,1020.0,1194.0,158.0,2794.0,22709.0,0.0,2414.0,15392.0,0.0,51.0,207.0,28.0,76098.0,369.0,391899.0,2076.0
2020-09-01,11580370.0,109674.0,712052.0,13163.0,4255.0,145.0,3773.0,1078.0,1197.0,142.0,2612.0,22772.0,12.0,2442.0,15426.0,0.0,28.0,95.0,20.0,76511.0,413.0,394493.0,2594.0
2020-09-02,11663924.0,83554.0,717177.0,13327.0,5125.0,164.0,3604.0,967.0,1119.0,151.0,2548.0,22837.0,0.0,2460.0,15493.0,0.0,18.0,94.0,21.0,77191.0,680.0,398244.0,3751.0
2020-09-03,11796970.0,133046.0,722283.0,13490.0,5106.0,163.0,3513.0,888.0,1107.0,128.0,2549.0,22955.0,26.0,2466.0,15548.0,0.0,6.0,94.0,21.0,77807.0,616.0,401968.0,3724.0
2020-09-04,11916323.0,119353.0,727239.0,13643.0,4956.0,153.0,3413.0,829.0,1116.0,126.0,2579.0,23052.0,29.0,2475.0,15661.0,0.0,9.0,93.0,22.0,78262.0,455.0,405844.0,3876.0
2020-09-05,12047191.0,130868.0,732144.0,13709.0,4905.0,66.0,3336.0,890.0,1091.0,110.0,2611.0,23177.0,62.0,2479.0,15739.0,0.0,4.0,93.0,22.0,78740.0,478.0,409839.0,3995.0
2020-09-06,12158292.0,111101.0,735235.0,13726.0,3091.0,17.0,3308.0,977.0,1120.0,124.0,2656.0,23250.0,14.0,2481.0,15783.0,0.0,2.0,93.0,22.0,79046.0,306.0,412301.0,2462.0
2020-09-07,12267948.0,109656.0,737911.0,13758.0,2676.0,32.0,3321.0,986.0,1080.0,137.0,2677.0,23302.0,14.0,2492.0,15829.0,11.0,11.0,94.0,21.0,79301.0,255.0,413824.0,1523.0
2020-09-08,12343797.0,75849.0,739527.0,13841.0,1616.0,83.0,3354.0,1071.0,1072.0,161.0,2741.0,23334.0,0.0,2520.0,15867.0,0.0,28.0,97.0,18.0,79476.0,175.0,416406.0,2582.0
2020-09-09,12389991.0,46194.0,742865.0,13978.0,3338.0,137.0,3288.0,937.0,1040.0,144.0,2584.0,23386.0,0.0,2525.0,15916.0,0.0,5.0,98.0,17.0,79803.0,327.0,418829.0,2423.0
2020-09-10,12451660.0,61669.0,746191.0,14089.0,3326.0,111.0,3142.0,881.0,1023.0,149.0,2559.0,23510.0,53.0,2530.0,15966.0,0.0,5.0,100.0,15.0,80183.0,380.0,422240.0,3411.0
2020-09-11,12556967.0,105307.0,750298.0,14251.0,4107.0,162.0,2990.0,878.0,970.0,150.0,2602.0,23562.0,0.0,2535.0,16050.0,0.0,5.0,99.0,16.0,80630.0,447.0,425554.0,3314.0
2020-09-12,12690016.0,133049.0,754923.0,14329.0,4625.0,78.0,2869.0,872.0,932.0,124.0,2691.0,23684.0,48.0,2535.0,16087.0,0.0,0.0,101.0,14.0,81053.0,423.0,428671.0,3117.0
2020-09-13,12806189.0,116173.0,757778.0,14385.0,2855.0,56.0,2841.0,824.0,921.0,119.0,2831.0,23734.0,0.0,2537.0,16125.0,0.0,2.0,101.0,14.0,81333.0,280.0,430576.0,1905.0
2020-09-14,12928170.0,121981.0,760013.0,14451.0,2235.0,66.0,2887.0,848.0,902.0,142.0,2914.0,23766.0,12.0,2543.0,16182.0,0.0,6.0,101.0,14.0,81506.0,173.0,431633.0,1057.0
2020-09-15,13000522.0,72352.0,762963.0,14615.0,2950.0,164.0,2821.0,864.0,875.0,157.0,2745.0,23807.0,12.0,2557.0,16226.0,0.0,14.0,53.0,12.0,81822.0,316.0,434249.0,2616.0
2020-09-16,13080037.0,79515.0,766201.0,14721.0,3238.0,106.0,2708.0,913.0,860.0,137.0,2696.0,23869.0,0.0,2563.0,16283.0,0.0,6.0,55.0,10.0,82148.0,326.0,437197.0,2948.0
2020-09-17,13177186.0,97149.0,769831.0,14812.0,3630.0,91.0,2676.0,894.0,836.0,129.0,2684.0,23960.0,48.0,2564.0,16389.0,22.0,1.0,55.0,10.0,82521.0,373.0,440237.0,3040.0
2020-09-18,13343886.0,166700.0,774135.0,14912.0,4304.0,100.0,2663.0,847.0,839.0,131.0,2714.0,24016.0,15.0,2580.0,16454.0,0.0,16.0,55.0,10.0,82954.0,433.0,443451.0,3214.0
2020-09-19,13523158.0,179272.0,778400.0,14987.0,4265.0,75.0,2598.0,834.0,807.0,118.0,2829.0,24070.0,13.0,2583.0,16509.0,0.0,3.0,55.0,10.0,83379.0,425.0,446408.0,2957.0
2020-09-20,13672782.0,149624.0,781694.0,15018.0,3294.0,31.0,2573.0,886.0,811.0,149.0,2899.0,24092.0,0.0,2585.0,16547.0,0.0,2.0,55.0,10.0,83683.0,304.0,448279.0,1871.0
2020-09-21,13804055.0,131273.0,784324.0,15071.0,2630.0,53.0,2632.0,888.0,799.0,124.0,2902.0,24186.0,45.0,2598.0,16585.0,0.0,13.0,55.0,10.0,83936.0,253.0,449459.0,1180.0
2020-09-22,13879423.0,75368.0,787470.0,15204.0,3146.0,133.0,2617.0,940.0,783.0,122.0,2813.0,24276.0,31.0,2613.0,16613.0,0.0,15.0,57.0,8.0,84312.0,376.0,451928.0,2469.0
2020-09-23,13952857.0,73434.0,790640.0,15314.0,3170.0,110.0,2578.0,906.0,774.0,140.0,2740.0,24328.0,25.0,2617.0,16668.0,12.0,4.0,57.0,8.0,84659.0,347.0,454900.0,2972.0
2020-09-24,14052247.0,99390.0,794040.0,15398.0,3400.0,84.0,2474.0,833.0,753.0,146.0,2686.0,24403.0,13.0,2619.0,16783.0,11.0,2.0,59.0,6.0,85007.0,348.0,457816.0,2916.0
2020-09-25,14182730.0,130483.0,798237.0,15532.0,4197.0,134.0,2385.0,818.0,738.0,124.0,2717.0,24470.0,0.0,2619.0,16845.0,0.0,0.0,59.0,6.0,85434.0,427.0,460551.0,2735.0
2020-09-26,14333498.0,150768.0,802308.0,15587.0,4071.0,55.0,2331.0,798.0,733.0,134.0,2824.0,24507.0,0.0,2633.0,16899.0,0.0,14.0,59.0,6.0,85776.0,342.0,463315.0,2764.0
2020-09-27,14484852.0,151354.0,805263.0,15608.0,2955.0,21.0,2317.0,843.0,714.0,117.0,2898.0,24585.0,57.0,2658.0,16947.0,0.0,25.0,59.0,6.0,86053.0,277.0,464829.0,1514.0
2020-09-28,14613545.0,128693.0,807425.0,15640.0,2162.0,32.0,2392.0,831.0,693.0,135.0,2996.0,24603.0,0.0,2663.0,16970.0,0.0,5.0,59.0,6.0,86274.0,221.0,465691.0,862.0
2020-09-29,14705202.0,91657.0,810625.0,15792.0,3200.0,152.0,2393.0,874.0,697.0,133.0,2822.0,24648.0,0.0,2679.0,16998.0,0.0,16.0,61.0,4.0,86652.0,378.0,467939.0,2248.0
2020-09-30,14771851.0,66649.0,813687.0,15888.0,3062.0,96.0,2369.0,836.0,685.0,132.0,2779.0,24714.0,0.0,2682.0,17070.0,13.0,3.0,63.0,2.0,86965.0,313.0,470521.0,2582.0
2020-10-01,14868431.0,96580.0,817277.0,15986.0,3590.0,98.0,2339.0,827.0,679.0,117.0,2776.0,24781.0,26.0,2699.0,17143.0,12.0,17.0,-2.0,2.0,87371.0,406.0,473180.0,2659.0
2020-10-02,14998888.0,130457.0,819436.0,16074.0,2159.0,88.0,2287.0,792.0,673.0,114.0,2772.0,24818.0,0.0,2701.0,17180.0,0.0,2.0,-2.0,2.0,87546.0,175.0,474609.0,1429.0
2020-10-03,15160287.0,161399.0,823729.0,16120.0,4293.0,46.0,2283.0,846.0,664.0,123.0,2838.0,24847.0,0.0,2714.0,17215.0,0.0,13.0,-2.0,2.0,88023.0,477.0,476828.0,2219.0
2020-10-04,15301681.0,141394.0,826784.0,16149.0,3055.0,29.0,2291.0,855.0,681.0,124.0,3006.0,24889.0,14.0,2718.0,17242.0,0.0,4.0,-2.0,2.0,88296.0,273.0,478478.0,1650.0
2020-10-05,15430421.0,128740.0,828461.0,16177.0,1677.0,28.0,2344.0,831.0,681.0,128.0,2955.0,24919.0,0.0,2731.0,17268.0,0.0,13.0,-2.0,2.0,88464.0,168.0,479415.0,937.0
2020-10-06,15556706.0,126285.0,831225.0,16262.0,2764.0,85.0,2323.0,881.0,673.0,124.0,2811.0,24979.0,38.0,2733.0,17318.0,0.0,2.0,-2.0,2.0,88764.0,300.0,481169.0,1754.0
2020-10-07,15623623.0,66917.0,834800.0,16361.0,3575.0,99.0,2328.0,858.0,652.0,102.0,2772.0,25043.0,15.0,2737.0,17373.0,0.0,4.0,-2.0,2.0,89114.0,350.0,484115.0,2946.0
2020-10-08,15736497.0,112874.0,838606.0,16428.0,3806.0,67.0,2310.0,876.0,635.0,107.0,2718.0,25075.0,0.0,2740.0,17400.0,0.0,3.0,-2.0,2.0,89535.0,421.0,486637.0,2522.0
2020-10-09,15878445.0,141948.0,842776.0,16500.0,4170.0,72.0,2264.0,820.0,612.0,120.0,2734.0,25109.0,15.0,2742.0,17441.0,0.0,2.0,-2.0,2.0,89927.0,392.0,489061.0,2424.0
2020-10-10,16047004.0,168559.0,846579.0,16564.0,3803.0,64.0,2209.0,894.0,612.0,123.0,2831.0,25135.0,0.0,2756.0,17502.0,0.0,14.0,-2.0,2.0,90249.0,322.0,491439.0,2378.0
2020-10-11,16191341.0,144337.0,850028.0,16572.0,3449.0,8.0,2196.0,874.0,604.0,132.0,2919.0,25158.0,0.0,2756.0,17533.0,0.0,0.0,-2.0,2.0,90571.0,322.0,493490.0,2051.0
2020-10-12,16333717.0,142376.0,852406.0,16581.0,2378.0,9.0,2226.0,834.0,626.0,122.0,3012.0,25172.0,0.0,2759.0,17588.0,0.0,3.0,-2.0,2.0,90787.0,216.0,494849.0,1359.0
2020-10-13,16425487.0,91770.0,855072.0,16639.0,2666.0,58.0,2229.0,886.0,622.0,131.0,2860.0,25217.0,0.0,2762.0,17605.0,0.0,3.0,-2.0,2.0,91051.0,264.0,495869.0,1020.0
2020-10-14,16517812.0,92325.0,858401.0,16757.0,3329.0,118.0,2239.0,839.0,600.0,106.0,2866.0,25294.0,38.0,2765.0,17654.0,0.0,3.0,-2.0,2.0,91359.0,308.0,498111.0,2242.0
2020-10-15,16621956.0,104144.0,861476.0,16830.0,3075.0,73.0,2245.0,790.0,615.0,98.0,2817.0,25371.0,37.0,2780.0,17738.0,0.0,15.0,-2.0,2.0,91697.0,338.0,500497.0,2386.0
2020-10-16,16756711.0,134755.0,864455.0,16899.0,2979.0,69.0,2234.0,761.0,644.0,99.0,2823.0,25406.0,0.0,2784.0,17812.0,0.0,4.0,-2.0,2.0,92027.0,330.0,502581.0,2084.0
2020-10-17,16892062.0,135351.0,867317.0,16943.0,2862.0,44.0,2286.0,734.0,624.0,103.0,2883.0,25444.0,0.0,2785.0,17854.0,0.0,1.0,-2.0,2.0,92326.0,299.0,504747.0,2166.0
2020-10-18,17042408.0,150346.0,870791.0,16970.0,3474.0,27.0,2241.0,761.0,660.0,98.0,2947.0,25490.0,13.0,2786.0,17872.0,0.0,1.0,-2.0,2.0,92643.0,317.0,506742.0,1995.0
2020-10-19,17189070.0,146662.0,874077.0,16992.0,3286.0,22.0,2291.0,813.0,657.0,124.0,3079.0,25513.0,0.0,2800.0,17889.0,0.0,14.0,-2.0,2.0,92952.0,309.0,508351.0,1609.0
2020-10-20,17293139.0,104069.0,877784.0,17027.0,3707.0,35.0,2348.0,729.0,660.0,103.0,2373.0,25540.0,0.0,2813.0,17903.0,0.0,13.0,-2.0,2.0,93333.0,381.0,510679.0,2328.0
2020-10-21,17358770.0,65631.0,880724.0,17189.0,2940.0,162.0,2351.0,700.0,652.0,106.0,2399.0,25603.0,11.0,2814.0,17981.0,0.0,1.0,-2.0,2.0,93662.0,329.0,513012.0,2333.0
2020-10-22,17483293.0,124523.0,886865.0,17262.0,6141.0,73.0,2338.0,673.0,650.0,104.0,2412.0,25705.0,32.0,2815.0,18075.0,28.0,1.0,-2.0,2.0,94321.0,659.0,516992.0,3980.0
2020-10-23,17609179.0,125886.0,892810.0,17311.0,5945.0,49.0,2336.0,671.0,636.0,108.0,2306.0,25725.0,0.0,2817.0,18128.0,0.0,2.0,-2.0,2.0,94882.0,561.0,521050.0,4058.0
2020-10-24,17787885.0,178706.0,898029.0,17345.0,5219.0,34.0,2254.0,715.0,615.0,107.0,2420.0,25768.0,0.0,2821.0,18202.0,0.0,4.0,-2.0,2.0,95336.0,454.0,524105.0,3055.0
2020-10-25,17982829.0,194944.0,901010.0,17357.0,2981.0,12.0,2281.0,710.0,610.0,102.0,2486.0,25796.0,0.0,2822.0,18225.0,0.0,1.0,-2.0,2.0,95584.0,248.0,525754.0,1649.0
2020-10-26,18127049.0,144220.0,904198.0,17400.0,3188.0,43.0,2334.0,666.0,659.0,115.0,2576.0,25835.0,16.0,2826.0,18253.0,0.0,4.0,-2.0,2.0,95901.0,317.0,527067.0,1313.0
2020-10-27,18223596.0,96547.0,908713.0,17475.0,4515.0,75.0,2342.0,656.0,663.0,107.0,2360.0,25866.0,16.0,2840.0,18277.0,0.0,14.0,-2.0,2.0,96305.0,404.0,530107.0,3040.0
2020-10-28,18323771.0,100175.0,912904.0,17541.0,4191.0,66.0,2358.0,725.0,657.0,111.0,2318.0,25911.0,16.0,2853.0,18328.0,0.0,13.0,-2.0,2.0,96800.0,495.0,532803.0,2696.0
2020-10-29,18444523.0,120752.0,916918.0,17571.0,4014.0,30.0,2430.0,718.0,666.0,106.0,2329.0,25974.0,27.0,2854.0,18408.0,36.0,1.0,-2.0,2.0,97247.0,447.0,535877.0,3074.0
2020-10-30,18602317.0,157794.0,922005.0,17626.0,5087.0,55.0,2525.0,687.0,681.0,90.0,2227.0,25997.0,0.0,2865.0,18500.0,0.0,11.0,-2.0,2.0,97764.0,517.0,538998.0,3121.0
2020-10-31,18743315.0,140998.0,926534.0,17667.0,4529.0,41.0,2474.0,719.0,698.0,93.0,2402.0,26048.0,0.0,2867.0,18587.0,0.0,2.0,-2.0,2.0,98240.0,476.0,542131.0,3133.0
2020-11-01,18912501.0,169186.0,930628.0,17672.0,4094.0,5.0,2537.0,704.0,708.0,115.0,2456.0,26086.0,12.0,2867.0,18619.0,0.0,0.0,-2.0,2.0,98643.0,403.0,544464.0,2333.0
2020-11-02,19074921.0,162420.0,934672.0,17686.0,4044.0,14.0,2602.0,668.0,743.0,97.0,2520.0,26124.0,0.0,2882.0,18676.0,0.0,15.0,-2.0,2.0,99065.0,422.0,546644.0,2180.0
2020-11-03,19181012.0,106091.0,940010.0,17752.0,5338.0,66.0,2669.0,741.0,779.0,122.0,2262.0,26184.0,24.0,2886.0,18706.0,0.0,4.0,-2.0,2.0,99592.0,527.0,549933.0,3289.0
2020-11-04,19266363.0,85351.0,944576.0,17815.0,4566.0,63.0,2712.0,750.0,814.0,108.0,2212.0,26322.0,55.0,2901.0,18818.0,0.0,15.0,-2.0,2.0,100004.0,412.0,552312.0,2379.0
2020-11-05,19396349.0,129986.0,951094.0,17866.0,6518.0,51.0,2765.0,706.0,822.0,101.0,2220.0,26469.0,66.0,2905.0,18975.0,18.0,4.0,-2.0,2.0,100643.0,639.0,556653.0,4341.0
2020-11-06,19565151.0,168802.0,956957.0,17939.0,5863.0,73.0,2821.0,635.0,807.0,94.0,2159.0,26564.0,23.0,2909.0,19112.0,0.0,4.0,-2.0,2.0,101279.0,636.0,560649.0,3996.0
2020-11-07,19724628.0,159477.0,964639.0,17963.0,7682.0,24.0,2902.0,652.0,811.0,99.0,2200.0,26762.0,42.0,2912.0,19209.0,0.0,3.0,-2.0,2.0,101922.0,643.0,565550.0,4901.0
2020-11-08,19918479.0,193851.0,971851.0,17977.0,7212.0,14.0,3001.0,667.0,839.0,102.0,2271.0,26802.0,18.0,2914.0,19272.0,0.0,2.0,-2.0,2.0,102592.0,670.0,568912.0,3362.0
2020-11-09,20094641.0,176162.0,977218.0,18001.0,5367.0,24.0,3083.0,716.0,859.0,125.0,2370.0,26852.0,0.0,2916.0,19351.0,0.0,2.0,-2.0,2.0,103063.0,471.0,571682.0,2770.0
2020-11-10,20222093.0,127452.0,984682.0,18070.0,7464.0,69.0,3224.0,763.0,889.0,117.0,2174.0,26905.0,20.0,2930.0,19413.0,0.0,14.0,-2.0,2.0,103745.0,682.0,575432.0,3750.0
2020-11-11,20342072.0,119979.0,991609.0,18108.0,6927.0,38.0,3300.0,702.0,913.0,97.0,2112.0,27045.0,19.0,2930.0,19530.0,11.0,0.0,-2.0,2.0,104403.0,658.0,580486.0,5054.0
2020-11-12,20478500.0,136428.0,998502.0,18137.0,6893.0,29.0,3399.0,739.0,931.0,100.0,2086.0,27353.0,157.0,2931.0,19798.0,45.0,1.0,-2.0,2.0,105031.0,628.0,585180.0,4694.0
2020-11-13,20671596.0,193096.0,1008377.0,18218.0,9875.0,81.0,3531.0,681.0,955.0,69.0,2079.0,27471.0,25.0,2944.0,19995.0,0.0,13.0,-2.0,2.0,106013.0,982.0,590031.0,4851.0
2020-11-14,20866785.0,195189.0,1019345.0,18253.0,10968.0,35.0,3683.0,771.0,1001.0,93.0,2142.0,27692.0,117.0,2948.0,20136.0,0.0,4.0,-2.0,2.0,107074.0,1061.0,596525.0,6494.0
2020-11-15,21068894.0,202109.0,1029235.0,18263.0,9890.0,10.0,3852.0,707.0,1031.0,100.0,2165.0,27834.0,46.0,2951.0,20264.0,12.0,3.0,8.0,2.0,107973.0,899.0,602181.0,5656.0
2020-11-16,21259076.0,190182.0,1037978.0,18299.0,8743.0,36.0,4118.0,767.0,1086.0,120.0,2266.0,27928.0,34.0,2957.0,20401.0,0.0,6.0,8.0,2.0,108766.0,793.0,607286.0,5105.0
2020-11-17,21418543.0,159467.0,1047789.0,18360.0,9811.0,61.0,4309.0,769.0,1148.0,110.0,1973.0,28005.0,11.0,2959.0,20526.0,0.0,2.0,10.0,0.0,109763.0,997.0,612674.0,5388.0
2020-11-18,21552528.0,133985.0,1059267.0,18466.0,11478.0,106.0,4523.0,796.0,1155.0,98.0,1926.0,28225.0,62.0,2974.0,20740.0,28.0,15.0,10.0,0.0,110871.0,1108.0,619677.0,7003.0
2020-11-19,21730551.0,178023.0,1072272.0,18557.0,13005.0,91.0,4755.0,742.0,1240.0,92.0,1918.0,28515.0,132.0,2977.0,21062.0,0.0,3.0,10.0,0.0,112026.0,1155.0,627869.0,8192.0
2020-11-20,21971832.0,241281.0,1087714.0,18643.0,15442.0,86.0,4989.0,756.0,1227.0,105.0,1921.0,28659.0,15.0,2993.0,21422.0,43.0,16.0,8.0,2.0,113542.0,1516.0,635838.0,7969.0
2020-11-21,22237309.0,265477.0,1102033.0,18676.0,14319.0,33.0,5199.0,748.0,1282.0,108.0,1954.0,28927.0,85.0,2998.0,21630.0,30.0,5.0,6.0,4.0,114971.0,1429.0,643992.0,8154.0
2020-11-22,22457544.0,220235.0,1110370.0,18726.0,8337.0,50.0,5459.0,795.0,1333.0,122.0,2035.0,29085.0,52.0,3000.0,21749.0,0.0,2.0,6.0,4.0,115905.0,934.0,649203.0,5211.0
2020-11-23,22741363.0,283819.0,1125699.0,18769.0,15329.0,43.0,5844.0,797.0,1397.0,117.0,2126.0,29228.0,23.0,3026.0,21893.0,11.0,26.0,4.0,6.0,117343.0,1438.0,657723.0,8520.0
2020-11-24,22910351.0,168988.0,1144049.0,18875.0,18350.0,106.0,6188.0,861.0,1433.0,118.0,1958.0,29455.0,117.0,3031.0,22086.0,15.0,5.0,0.0,10.0,119130.0,1787.0,668111.0,10388.0
2020-11-25,23096745.0,186394.0,1158689.0,18979.0,14640.0,104.0,6449.0,748.0,1512.0,105.0,1927.0,29674.0,23.0,3035.0,22370.0,0.0,4.0,11.0,7.0,120544.0,1414.0,675777.0,7666.0
2020-11-26,23315918.0,219173.0,1171324.0,19033.0,12635.0,54.0,6647.0,741.0,1595.0,131.0,1904.0,30011.0,113.0,3053.0,22641.0,0.0,18.0,6.0,11.0,121832.0,1288.0,683437.0,7660.0
2020-11-27,23573182.0,257264.0,1183320.0,19089.0,11996.0,56.0,6972.0,712.0,1638.0,125.0,2019.0,30283.0,112.0,3057.0,22842.0,0.0,4.0,6.0,11.0,123005.0,1173.0,691035.0,7598.0
2020-11-28,23807501.0,234319.0,1198934.0,19121.0,15614.0,32.0,7415.0,783.0,1711.0,112.0,1990.0,30549.0,71.0,3069.0,23087.0,12.0,12.0,11.0,9.0,124744.0,1739.0,698313.0,7278.0
2020-11-29,24025171.0,217670.0,1212968.0,19141.0,14034.0,20.0,7787.0,791.0,1812.0,107.0,2000.0,30885.0,177.0,3071.0,23303.0,0.0,2.0,5.0,15.0,126255.0,1511.0,705906.0,7593.0
2020-11-30,24161313.0,136142.0,1225189.0,19211.0,12221.0,70.0,8240.0,809.0,1890.0,110.0,1937.0,31148.0,104.0,3087.0,23564.0,0.0,16.0,5.0,15.0,127432.0,1177.0,713817.0,7911.0
2020-12-01,24299126.0,137813.0,1245948.0,19324.0,20759.0,113.0,8517.0,848.0,2006.0,115.0,1810.0,31416.0,117.0,3090.0,23846.0,0.0,3.0,2.0,18.0,129548.0,2116.0,725032.0,11215.0
2020-12-02,24474642.0,175516.0,1264539.0,19437.0,18591.0,113.0,8831.0,871.0,2066.0,81.0,1731.0,31887.0,172.0,3102.0,24255.0,35.0,12.0,10.0,20.0,131495.0,1947.0,735981.0,10949.0
2020-12-03,24675478.0,200836.0,1286557.0,19582.0,22018.0,145.0,9065.0,883.0,2152.0,96.0,1673.0,32378.0,211.0,3108.0,24711.0,59.0,6.0,7.0,18.0,133635.0,2140.0,748822.0,12841.0
2020-12-04,24901975.0,226497.0,1311625.0,19791.0,25068.0,209.0,9453.0,833.0,2182.0,83.0,1628.0,32939.0,290.0,3137.0,25267.0,63.0,29.0,6.0,19.0,135981.0,2346.0,763434.0,14612.0
2020-12-05,25195046.0,293071.0,1341700.0,19876.0,30075.0,85.0,9740.0,884.0,2281.0,112.0,1567.0,33325.0,115.0,3142.0,25686.0,26.0,5.0,6.0,19.0,139047.0,3066.0,779245.0,15811.0
2020-12-06,25493351.0,298305.0,1366435.0,19935.0,24735.0,59.0,10070.0,928.0,2360.0,110.0,1714.0,33799.0,236.0,3147.0,25989.0,0.0,5.0,11.0,14.0,141371.0,2324.0,794135.0,14890.0
2020-12-07,25789775.0,296424.0,1389707.0,20047.0,23272.0,112.0,10567.0,944.0,2417.0,109.0,1679.0,34007.0,28.0,3167.0,26290.0,11.0,20.0,13.0,12.0,143631.0,2260.0,807389.0,13254.0
2020-12-08,26042071.0,252296.0,1420558.0,20243.0,30851.0,196.0,11012.0,953.0,2506.0,121.0,1566.0,34328.0,65.0,3185.0,26649.0,19.0,18.0,12.0,13.0,146465.0,2834.0,822945.0,15556.0
2020-12-09,26324332.0,282261.0,1450235.0,20463.0,29677.0,220.0,11497.0,980.0,2621.0,89.0,1487.0,34723.0,125.0,3204.0,27172.0,12.0,19.0,30.0,61.0,149303.0,2838.0,838045.0,15100.0
2020-12-10,26572343.0,248011.0,1485703.0,20622.0,35468.0,159.0,12013.0,927.0,2669.0,104.0,1450.0,35444.0,288.0,3243.0,27807.0,45.0,39.0,30.0,61.0,152545.0,3242.0,859996.0,21951.0
2020-12-11,26886130.0,313787.0,1521432.0,20847.0,35729.0,225.0,12444.0,966.0,2752.0,114.0,1419.0,36033.0,207.0,3276.0,28487.0,86.0,33.0,28.0,68.0,155904.0,3359.0,881724.0,21728.0
2020-12-12,27195587.0,309457.0,1551766.0,20969.0,30334.0,122.0,13047.0,913.0,2820.0,117.0,1412.0,36624.0,258.0,3288.0,29257.0,95.0,12.0,23.0,68.0,158920.0,3016.0,900723.0,18999.0
2020-12-13,27552039.0,356452.0,1585044.0,21046.0,33278.0,77.0,13635.0,943.0,2967.0,111.0,1424.0,37228.0,270.0,3309.0,29882.0,73.0,21.0,21.0,80.0,162211.0,3291.0,915740.0,15017.0
2020-12-14,27845066.0,293027.0,1617370.0,21188.0,32326.0,142.0,14283.0,915.0,3081.0,112.0,1466.0,37901.0,308.0,3337.0,30313.0,58.0,28.0,30.0,81.0,165856.0,3645.0,930035.0,14295.0
2020-12-15,28149590.0,304524.0,1671081.0,21481.0,53711.0,293.0,14939.0,947.0,3188.0,109.0,1331.0,38455.0,223.0,3380.0,30745.0,25.0,43.0,36.0,77.0,171018.0,5162.0,958408.0,28373.0
2020-12-16,28456358.0,306768.0,1723362.0,21860.0,52281.0,379.0,15431.0,995.0,3280.0,112.0,1260.0,39442.0,390.0,3416.0,31552.0,87.0,36.0,32.0,81.0,176030.0,5012.0,993175.0,34767.0
2020-12-17,28741027.0,284669.0,1764374.0,22160.0,41012.0,300.0,16019.0,946.0,3447.0,106.0,1234.0,40427.0,442.0,3480.0,32404.0,47.0,64.0,21.0,93.0,180273.0,4243.0,1015499.0,22324.0
2020-12-18,29112249.0,371222.0,1807982.0,22432.0,43608.0,272.0,16465.0,933.0,3523.0,97.0,1284.0,41283.0,356.0,3513.0,33146.0,74.0,33.0,11.0,100.0,184721.0,4448.0,1039030.0,23531.0
2020-12-19,29465170.0,352921.0,1854456.0,22593.0,46474.0,161.0,16843.0,907.0,3614.0,96.0,1353.0,41924.0,267.0,3562.0,33795.0,46.0,49.0,19.0,105.0,189671.0,4950.0,1063816.0,24786.0
